x,v,y
-2,V1,6.8163166061056835
-2,V2,9.645006685178965
-2,V3,6.110648477637565
-2,V4,8.374512892680773
-2,V5,8.018772921364592
-2,V6,8.401372165650791
-2,V7,7.11643051694911
-2,V8,8.425599442467236
-2,V9,9.363253340309173
-2,V10,9.042709581926667
-2,V11,9.448696819320448
-2,V12,6.741332594391325
-1.9292929292929293,V1,7.351387731109437
-1.9292929292929293,V2,9.040905761800094
-1.9292929292929293,V3,6.246425237009196
-1.9292929292929293,V4,8.17493309929294
-1.9292929292929293,V5,7.881404936557452
-1.9292929292929293,V6,7.838370134812461
-1.9292929292929293,V7,7.099947756193093
-1.9292929292929293,V8,7.790757336338045
-1.9292929292929293,V9,9.44437808722366
-1.9292929292929293,V10,9.188776190124518
-1.9292929292929293,V11,9.392808131440308
-1.9292929292929293,V12,6.742163870718783
-1.8585858585858586,V1,6.884113490672007
-1.8585858585858586,V2,9.892804148746212
-1.8585858585858586,V3,5.573746645529774
-1.8585858585858586,V4,8.092093304931403
-1.8585858585858586,V5,8.103918916134331
-1.8585858585858586,V6,7.883452750785567
-1.8585858585858586,V7,7.149418452029573
-1.8585858585858586,V8,8.084474985364071
-1.8585858585858586,V9,9.57675176857265
-1.8585858585858586,V10,9.15826051685891
-1.8585858585858586,V11,9.411058129405928
-1.8585858585858586,V12,6.423819154181033
-1.7878787878787878,V1,7.270060733138978
-1.7878787878787878,V2,9.34129629929325
-1.7878787878787878,V3,6.111316754260799
-1.7878787878787878,V4,7.903051031392779
-1.7878787878787878,V5,7.530366014407331
-1.7878787878787878,V6,8.452404847630886
-1.7878787878787878,V7,7.0346637993926695
-1.7878787878787878,V8,7.87857626190741
-1.7878787878787878,V9,9.367867722266517
-1.7878787878787878,V10,9.209531375351009
-1.7878787878787878,V11,9.712669292829531
-1.7878787878787878,V12,6.972983839440468
-1.7171717171717171,V1,6.925978053171463
-1.7171717171717171,V2,9.292950723183974
-1.7171717171717171,V3,5.977884227458211
-1.7171717171717171,V4,8.206392460863922
-1.7171717171717171,V5,7.231839699491024
-1.7171717171717171,V6,8.280515145898516
-1.7171717171717171,V7,7.53432346541429
-1.7171717171717171,V8,8.012728777872887
-1.7171717171717171,V9,9.84142389363096
-1.7171717171717171,V10,9.297662998443299
-1.7171717171717171,V11,9.333219750268023
-1.7171717171717171,V12,6.38628660656039
-1.6464646464646464,V1,7.613226766313589
-1.6464646464646464,V2,9.500961060618607
-1.6464646464646464,V3,6.113382742337303
-1.6464646464646464,V4,8.427148223667826
-1.6464646464646464,V5,8.133361463722418
-1.6464646464646464,V6,7.855913319161959
-1.6464646464646464,V7,7.021229953463847
-1.6464646464646464,V8,8.086930569321645
-1.6464646464646464,V9,10.280221947966545
-1.6464646464646464,V10,9.028159162595989
-1.6464646464646464,V11,9.274511381240172
-1.6464646464646464,V12,7.085949563687413
-1.5757575757575757,V1,7.316105610164989
-1.5757575757575757,V2,9.774068420969323
-1.5757575757575757,V3,5.846225912755872
-1.5757575757575757,V4,8.393591329197815
-1.5757575757575757,V5,8.264034237340807
-1.5757575757575757,V6,7.928067446245487
-1.5757575757575757,V7,6.835647924075262
-1.5757575757575757,V8,7.449072535228811
-1.5757575757575757,V9,9.681386748800307
-1.5757575757575757,V10,8.923446222272414
-1.5757575757575757,V11,9.022476973481771
-1.5757575757575757,V12,6.095062617318055
-1.5050505050505052,V1,7.410245370331357
-1.5050505050505052,V2,9.485337711702845
-1.5050505050505052,V3,5.747383776832492
-1.5050505050505052,V4,8.389937398342875
-1.5050505050505052,V5,7.680008899172668
-1.5050505050505052,V6,7.997043830697466
-1.5050505050505052,V7,7.025582969903906
-1.5050505050505052,V8,7.751322339547942
-1.5050505050505052,V9,9.802036021396521
-1.5050505050505052,V10,8.966541222864814
-1.5050505050505052,V11,9.446641795772724
-1.5050505050505052,V12,6.803722416545341
-1.4343434343434343,V1,7.473507962550084
-1.4343434343434343,V2,10.18266049776412
-1.4343434343434343,V3,6.3833764316197135
-1.4343434343434343,V4,8.519945622081995
-1.4343434343434343,V5,7.9761363071785425
-1.4343434343434343,V6,8.344701755763811
-1.4343434343434343,V7,7.347495341545427
-1.4343434343434343,V8,7.8993701144125845
-1.4343434343434343,V9,9.32469248246255
-1.4343434343434343,V10,9.35616043080297
-1.4343434343434343,V11,9.251423795839253
-1.4343434343434343,V12,6.661521617865429
-1.3636363636363638,V1,7.813363333396647
-1.3636363636363638,V2,9.595101052361157
-1.3636363636363638,V3,6.163480155497397
-1.3636363636363638,V4,8.421261213312514
-1.3636363636363638,V5,8.045314556907874
-1.3636363636363638,V6,8.01317348275489
-1.3636363636363638,V7,7.358329334404352
-1.3636363636363638,V8,8.170830057752742
-1.3636363636363638,V9,10.032662975303081
-1.3636363636363638,V10,9.517434019775203
-1.3636363636363638,V11,9.287384326288958
-1.3636363636363638,V12,6.96198076900231
-1.2929292929292928,V1,7.639074397611362
-1.2929292929292928,V2,9.624976474635611
-1.2929292929292928,V3,6.2086096224630225
-1.2929292929292928,V4,8.571960727525225
-1.2929292929292928,V5,8.653573671736199
-1.2929292929292928,V6,7.674512194265729
-1.2929292929292928,V7,7.380777525134176
-1.2929292929292928,V8,7.90430233951262
-1.2929292929292928,V9,10.035426915132426
-1.2929292929292928,V10,9.107503388039808
-1.2929292929292928,V11,9.418705397575497
-1.2929292929292928,V12,6.902981293927543
-1.2222222222222223,V1,7.569243504799345
-1.2222222222222223,V2,9.455959324948124
-1.2222222222222223,V3,6.23778789824761
-1.2222222222222223,V4,8.268716399713783
-1.2222222222222223,V5,8.519013604484705
-1.2222222222222223,V6,8.00967815422668
-1.2222222222222223,V7,7.863997940930085
-1.2222222222222223,V8,8.273384324648607
-1.2222222222222223,V9,9.534848735880587
-1.2222222222222223,V10,9.10245993098939
-1.2222222222222223,V11,9.494222081088186
-1.2222222222222223,V12,7.420271384880085
-1.1515151515151516,V1,7.233841759480177
-1.1515151515151516,V2,10.037014064393126
-1.1515151515151516,V3,6.115713855334832
-1.1515151515151516,V4,8.285474784832541
-1.1515151515151516,V5,8.789726287979581
-1.1515151515151516,V6,8.110297584799289
-1.1515151515151516,V7,7.340804534884385
-1.1515151515151516,V8,7.910256231846047
-1.1515151515151516,V9,10.205092068762815
-1.1515151515151516,V10,9.79947186639702
-1.1515151515151516,V11,9.377404699021184
-1.1515151515151516,V12,7.300481195447813
-1.0808080808080809,V1,7.244395829834589
-1.0808080808080809,V2,9.9116171209793
-1.0808080808080809,V3,7.190316052863873
-1.0808080808080809,V4,8.756712898423661
-1.0808080808080809,V5,8.339932772784179
-1.0808080808080809,V6,8.438963660101676
-1.0808080808080809,V7,7.566248245890261
-1.0808080808080809,V8,8.408550532914413
-1.0808080808080809,V9,9.492714008433458
-1.0808080808080809,V10,9.165908172717417
-1.0808080808080809,V11,9.166001751572352
-1.0808080808080809,V12,7.036041685537012
-1.0101010101010102,V1,7.613798335771705
-1.0101010101010102,V2,10.122318122570674
-1.0101010101010102,V3,6.815635097469897
-1.0101010101010102,V4,8.582207839232987
-1.0101010101010102,V5,8.31992529506585
-1.0101010101010102,V6,8.433226257045318
-1.0101010101010102,V7,7.4332982583837355
-1.0101010101010102,V8,8.159149484435492
-1.0101010101010102,V9,10.266133143668949
-1.0101010101010102,V10,8.990889561576582
-1.0101010101010102,V11,9.347884759441742
-1.0101010101010102,V12,6.927975189451044
-0.9393939393939394,V1,8.080979998226097
-0.9393939393939394,V2,9.835156033572408
-0.9393939393939394,V3,6.489035591418126
-0.9393939393939394,V4,8.764798420518055
-0.9393939393939394,V5,8.507803681222777
-0.9393939393939394,V6,8.234097341961187
-0.9393939393939394,V7,7.659073322472009
-0.9393939393939394,V8,8.783206708833422
-0.9393939393939394,V9,10.046907698578377
-0.9393939393939394,V10,9.374549632709607
-0.9393939393939394,V11,9.409019516387087
-0.9393939393939394,V12,7.123299825282413
-0.8686868686868687,V1,7.731393682245092
-0.8686868686868687,V2,10.245559272995036
-0.8686868686868687,V3,6.787343555293239
-0.8686868686868687,V4,8.83455986908268
-0.8686868686868687,V5,8.618050590428608
-0.8686868686868687,V6,8.480877787649533
-0.8686868686868687,V7,7.430318049806996
-0.8686868686868687,V8,8.506107571157091
-0.8686868686868687,V9,10.07283389084046
-0.8686868686868687,V10,9.625598470525233
-0.8686868686868687,V11,9.48485064422496
-0.8686868686868687,V12,7.166009786558553
-0.797979797979798,V1,7.926247922550922
-0.797979797979798,V2,10.244379986162432
-0.797979797979798,V3,6.478236926583892
-0.797979797979798,V4,8.758168245949163
-0.797979797979798,V5,8.786229371197896
-0.797979797979798,V6,8.454594792283931
-0.797979797979798,V7,7.583575728195931
-0.797979797979798,V8,8.246642541140055
-0.797979797979798,V9,10.170805678176094
-0.797979797979798,V10,9.33914407108024
-0.797979797979798,V11,9.535326889836288
-0.797979797979798,V12,7.236000795678285
-0.7272727272727273,V1,7.961697986954896
-0.7272727272727273,V2,10.2292092921658
-0.7272727272727273,V3,6.610116029447926
-0.7272727272727273,V4,8.92374291187547
-0.7272727272727273,V5,9.132404551709824
-0.7272727272727273,V6,8.804563354557008
-0.7272727272727273,V7,8.051166827238703
-0.7272727272727273,V8,8.870289480421334
-0.7272727272727273,V9,9.967550918933787
-0.7272727272727273,V10,9.837035311534164
-0.7272727272727273,V11,9.348194655328722
-0.7272727272727273,V12,7.353175399956459
-0.6565656565656566,V1,8.42004556340353
-0.6565656565656566,V2,10.145538935586028
-0.6565656565656566,V3,6.545878602004609
-0.6565656565656566,V4,8.878181995530687
-0.6565656565656566,V5,8.734425119419353
-0.6565656565656566,V6,8.415352362270548
-0.6565656565656566,V7,7.855018675282101
-0.6565656565656566,V8,8.703993720806665
-0.6565656565656566,V9,10.00877794698049
-0.6565656565656566,V10,9.915956944608377
-0.6565656565656566,V11,9.875602911827933
-0.6565656565656566,V12,7.750448748243765
-0.5858585858585859,V1,7.681527987080943
-0.5858585858585859,V2,10.524595358472128
-0.5858585858585859,V3,7.304556315598734
-0.5858585858585859,V4,8.934253333084262
-0.5858585858585859,V5,8.894930575366246
-0.5858585858585859,V6,8.403352659671457
-0.5858585858585859,V7,8.037361779490814
-0.5858585858585859,V8,8.773030702745737
-0.5858585858585859,V9,10.090685041444832
-0.5858585858585859,V10,10.11602654851666
-0.5858585858585859,V11,9.435860091092245
-0.5858585858585859,V12,7.749411187132257
-0.5151515151515151,V1,8.654253519434086
-0.5151515151515151,V2,10.464519248889149
-0.5151515151515151,V3,7.328640830686352
-0.5151515151515151,V4,9.17518388224039
-0.5151515151515151,V5,9.251370120108874
-0.5151515151515151,V6,8.810134911992103
-0.5151515151515151,V7,8.149827913727927
-0.5151515151515151,V8,8.539753378100341
-0.5151515151515151,V9,10.43057081797665
-0.5151515151515151,V10,9.960185502227953
-0.5151515151515151,V11,9.674518834495583
-0.5151515151515151,V12,7.753497484863601
-0.4444444444444444,V1,8.446638989254229
-0.4444444444444444,V2,10.181369257966884
-0.4444444444444444,V3,7.183071232423341
-0.4444444444444444,V4,9.510086312873907
-0.4444444444444444,V5,9.115953638464301
-0.4444444444444444,V6,8.586955379652652
-0.4444444444444444,V7,7.7539763364221574
-0.4444444444444444,V8,8.527797018872006
-0.4444444444444444,V9,10.149110745566576
-0.4444444444444444,V10,10.39350579456915
-0.4444444444444444,V11,9.635961608809618
-0.4444444444444444,V12,8.042635906987588
-0.3737373737373737,V1,8.828383282346318
-0.3737373737373737,V2,10.454835786191772
-0.3737373737373737,V3,7.517657335906735
-0.3737373737373737,V4,9.20188143755703
-0.3737373737373737,V5,9.463988416858557
-0.3737373737373737,V6,8.934454073315061
-0.3737373737373737,V7,8.213574310557641
-0.3737373737373737,V8,8.676153839175381
-0.3737373737373737,V9,10.51900549927069
-0.3737373737373737,V10,10.237075540783154
-0.3737373737373737,V11,9.71610986822569
-0.3737373737373737,V12,8.02472523573101
-0.3030303030303032,V1,8.516500540985398
-0.3030303030303032,V2,10.654593373296157
-0.3030303030303032,V3,7.960418035872615
-0.3030303030303032,V4,10.00043188029185
-0.3030303030303032,V5,10.00283603751511
-0.3030303030303032,V6,8.835635403968825
-0.3030303030303032,V7,8.390049608915476
-0.3030303030303032,V8,9.219765301360308
-0.3030303030303032,V9,10.691661566109172
-0.3030303030303032,V10,10.547776047013473
-0.3030303030303032,V11,9.30693960576322
-0.3030303030303032,V12,8.602923395802419
-0.2323232323232325,V1,9.082820216307516
-0.2323232323232325,V2,10.928467718305786
-0.2323232323232325,V3,7.955543519743464
-0.2323232323232325,V4,9.808441983282282
-0.2323232323232325,V5,9.792990814900955
-0.2323232323232325,V6,9.29299497666428
-0.2323232323232325,V7,8.32608093360417
-0.2323232323232325,V8,8.904730011068741
-0.2323232323232325,V9,10.592132469912404
-0.2323232323232325,V10,10.55053110779431
-0.2323232323232325,V11,10.176428373627388
-0.2323232323232325,V12,8.566973983110294
-0.16161616161616177,V1,8.851281610958727
-0.16161616161616177,V2,11.512986848398665
-0.16161616161616177,V3,8.030063461423486
-0.16161616161616177,V4,9.745276044846534
-0.16161616161616177,V5,9.89035596878802
-0.16161616161616177,V6,8.843758365828577
-0.16161616161616177,V7,8.720609550877766
-0.16161616161616177,V8,8.923023550816115
-0.16161616161616177,V9,10.449022621813238
-0.16161616161616177,V10,10.673363111421118
-0.16161616161616177,V11,9.992882606961183
-0.16161616161616177,V12,8.925617635136508
-0.09090909090909105,V1,9.407898393623302
-0.09090909090909105,V2,11.270928268792993
-0.09090909090909105,V3,8.33318901392336
-0.09090909090909105,V4,9.94012696966963
-0.09090909090909105,V5,10.85262083694429
-0.09090909090909105,V6,9.15240786795933
-0.09090909090909105,V7,8.217991608519652
-0.09090909090909105,V8,9.521560318435734
-0.09090909090909105,V9,10.481702597488093
-0.09090909090909105,V10,11.202880090953455
-0.09090909090909105,V11,10.239448126034267
-0.09090909090909105,V12,9.125353377243846
-0.020202020202020332,V1,9.373844148546768
-0.020202020202020332,V2,11.585326355756983
-0.020202020202020332,V3,8.181667820916815
-0.020202020202020332,V4,10.29398041887096
-0.020202020202020332,V5,10.359036512802282
-0.020202020202020332,V6,9.846822790779214
-0.020202020202020332,V7,8.774139500148893
-0.020202020202020332,V8,9.515378906304756
-0.020202020202020332,V9,10.565291387495378
-0.020202020202020332,V10,10.745793002599251
-0.020202020202020332,V11,10.171076927810834
-0.020202020202020332,V12,8.764955557510742
0.05050505050505061,V1,9.027002527863262
0.05050505050505061,V2,11.914809912647753
0.05050505050505061,V3,8.428802535229611
0.05050505050505061,V4,10.435749919425138
0.05050505050505061,V5,10.860823524329339
0.05050505050505061,V6,9.153488710555639
0.05050505050505061,V7,8.590420100572226
0.05050505050505061,V8,9.846944951606691
0.05050505050505061,V9,10.994946782569578
0.05050505050505061,V10,10.802142059606705
0.05050505050505061,V11,10.453507798647035
0.05050505050505061,V12,9.336186685349858
0.1212121212121211,V1,9.527645703338326
0.1212121212121211,V2,11.953524391333518
0.1212121212121211,V3,8.771762870976055
0.1212121212121211,V4,10.588810227532496
0.1212121212121211,V5,11.03657145534839
0.1212121212121211,V6,9.142596643105945
0.1212121212121211,V7,8.838421545662719
0.1212121212121211,V8,9.690978528328218
0.1212121212121211,V9,10.75220541729713
0.1212121212121211,V10,11.158935186676644
0.1212121212121211,V11,10.185076909441982
0.1212121212121211,V12,9.729772483312477
0.19191919191919204,V1,10.083962304337298
0.19191919191919204,V2,11.636584320433663
0.19191919191919204,V3,8.411440816667819
0.19191919191919204,V4,10.507264733826782
0.19191919191919204,V5,10.715616084561134
0.19191919191919204,V6,9.52175293484875
0.19191919191919204,V7,8.918379027527957
0.19191919191919204,V8,9.356628501362282
0.19191919191919204,V9,10.810568637927835
0.19191919191919204,V10,11.546298512782867
0.19191919191919204,V11,10.28148256306817
0.19191919191919204,V12,9.565942580216525
0.26262626262626254,V1,9.596595971948602
0.26262626262626254,V2,12.303452876937925
0.26262626262626254,V3,8.83841525616053
0.26262626262626254,V4,10.78111447920636
0.26262626262626254,V5,11.02246636177139
0.26262626262626254,V6,9.29469474214644
0.26262626262626254,V7,9.153976200804447
0.26262626262626254,V8,9.818485131283696
0.26262626262626254,V9,11.027576749377536
0.26262626262626254,V10,11.594790125594722
0.26262626262626254,V11,10.356629395150826
0.26262626262626254,V12,9.848485895281902
0.33333333333333304,V1,9.657538595613724
0.33333333333333304,V2,12.489306290526962
0.33333333333333304,V3,9.418037151339206
0.33333333333333304,V4,10.365028005884879
0.33333333333333304,V5,11.309548512210249
0.33333333333333304,V6,9.027634079698723
0.33333333333333304,V7,9.649318019342049
0.33333333333333304,V8,9.611472056307585
0.33333333333333304,V9,10.882741435193049
0.33333333333333304,V10,11.53579582147929
0.33333333333333304,V11,10.452364429624515
0.33333333333333304,V12,10.364872484121348
0.404040404040404,V1,10.27742115235779
0.404040404040404,V2,12.121081258344878
0.404040404040404,V3,9.56712028962295
0.404040404040404,V4,10.65901208395763
0.404040404040404,V5,11.686582026942727
0.404040404040404,V6,9.717301417256195
0.404040404040404,V7,9.435394559731243
0.404040404040404,V8,10.217176864632647
0.404040404040404,V9,10.872074711264418
0.404040404040404,V10,11.867205236213449
0.404040404040404,V11,10.778920098458249
0.404040404040404,V12,9.596471358409358
0.4747474747474745,V1,10.280590758876691
0.4747474747474745,V2,12.980934677228099
0.4747474747474745,V3,9.015556409536524
0.4747474747474745,V4,11.196747270203566
0.4747474747474745,V5,12.136905411216821
0.4747474747474745,V6,9.631842047584424
0.4747474747474745,V7,9.740320300146715
0.4747474747474745,V8,9.837008534341903
0.4747474747474745,V9,11.250920883513137
0.4747474747474745,V10,11.767437145510957
0.4747474747474745,V11,10.883250387149527
0.4747474747474745,V12,10.270245966624072
0.5454545454545454,V1,10.592467339858239
0.5454545454545454,V2,12.96810838892418
0.5454545454545454,V3,9.767810265172178
0.5454545454545454,V4,11.194879222157901
0.5454545454545454,V5,12.310431146024843
0.5454545454545454,V6,10.047311262082127
0.5454545454545454,V7,9.849992349680164
0.5454545454545454,V8,10.64223604261531
0.5454545454545454,V9,11.52671874642068
0.5454545454545454,V10,11.393004132218934
0.5454545454545454,V11,10.736705238719653
0.5454545454545454,V12,10.261158133503203
0.6161616161616159,V1,10.85203932853957
0.6161616161616159,V2,12.726099644735324
0.6161616161616159,V3,10.196213618426711
0.6161616161616159,V4,11.631427620664947
0.6161616161616159,V5,12.48218024041634
0.6161616161616159,V6,10.103608052083423
0.6161616161616159,V7,9.672724813808502
0.6161616161616159,V8,10.040894063465345
0.6161616161616159,V9,10.931435603393577
0.6161616161616159,V10,11.73659059348998
0.6161616161616159,V11,10.773526619613317
0.6161616161616159,V12,10.508175751125908
0.6868686868686869,V1,10.558266792106028
0.6868686868686869,V2,13.176999990642118
0.6868686868686869,V3,9.532425633340031
0.6868686868686869,V4,11.454184027280913
0.6868686868686869,V5,12.234255896984026
0.6868686868686869,V6,10.121743110202601
0.6868686868686869,V7,9.784596867549311
0.6868686868686869,V8,10.37020025655064
0.6868686868686869,V9,11.446783716839933
0.6868686868686869,V10,12.36540436595837
0.6868686868686869,V11,11.31288000049748
0.6868686868686869,V12,10.77662933466616
0.7575757575757573,V1,11.159429452476877
0.7575757575757573,V2,12.527265806512336
0.7575757575757573,V3,10.118156750259224
0.7575757575757573,V4,11.185647394267242
0.7575757575757573,V5,12.627727366530657
0.7575757575757573,V6,9.773366289594708
0.7575757575757573,V7,9.987413369570294
0.7575757575757573,V8,10.531197593217067
0.7575757575757573,V9,11.378673388028238
0.7575757575757573,V10,12.431529740794186
0.7575757575757573,V11,10.821905654414273
0.7575757575757573,V12,10.743586274166162
0.8282828282828283,V1,10.929918833224912
0.8282828282828283,V2,13.0530752758895
0.8282828282828283,V3,9.995000719788697
0.8282828282828283,V4,11.22788316542225
0.8282828282828283,V5,12.314558929132419
0.8282828282828283,V6,10.393295566020525
0.8282828282828283,V7,10.041494481713146
0.8282828282828283,V8,10.531738318813973
0.8282828282828283,V9,11.413278268770584
0.8282828282828283,V10,12.231729155815708
0.8282828282828283,V11,10.845773641687805
0.8282828282828283,V12,10.673548284949213
0.8989898989898988,V1,11.049179835942317
0.8989898989898988,V2,13.588719137758941
0.8989898989898988,V3,10.524270024621408
0.8989898989898988,V4,12.002104850515959
0.8989898989898988,V5,12.441627392098768
0.8989898989898988,V6,10.543236074135104
0.8989898989898988,V7,10.15955183876662
0.8989898989898988,V8,10.340312443967894
0.8989898989898988,V9,11.380960776464237
0.8989898989898988,V10,12.337431258014337
0.8989898989898988,V11,10.671502663357927
0.8989898989898988,V12,10.819612291011724
0.9696969696969697,V1,10.29422671088238
0.9696969696969697,V2,13.01689892455816
0.9696969696969697,V3,10.508049841814058
0.9696969696969697,V4,11.470499392765603
0.9696969696969697,V5,12.316075216677893
0.9696969696969697,V6,10.434054605250816
0.9696969696969697,V7,10.87708492562367
0.9696969696969697,V8,10.918368075358693
0.9696969696969697,V9,11.986035900810773
0.9696969696969697,V10,12.307371968566411
0.9696969696969697,V11,11.426523993539888
0.9696969696969697,V12,11.700963719940248
1.0404040404040402,V1,10.825670597795545
1.0404040404040402,V2,13.116406551018647
1.0404040404040402,V3,10.070514806648646
1.0404040404040402,V4,11.813578248377649
1.0404040404040402,V5,12.870850261586126
1.0404040404040402,V6,10.674837509662975
1.0404040404040402,V7,9.793860842077224
1.0404040404040402,V8,10.3442310899681
1.0404040404040402,V9,11.365695991895047
1.0404040404040402,V10,12.311389517004576
1.0404040404040402,V11,11.323343840258175
1.0404040404040402,V12,10.904754549515967
1.1111111111111112,V1,11.282633019151774
1.1111111111111112,V2,13.376509954184836
1.1111111111111112,V3,10.190647779518548
1.1111111111111112,V4,11.732824161230992
1.1111111111111112,V5,13.119198591430854
1.1111111111111112,V6,10.470652035181882
1.1111111111111112,V7,10.271679589891075
1.1111111111111112,V8,10.330818581052526
1.1111111111111112,V9,11.6115981104687
1.1111111111111112,V10,13.114255542330012
1.1111111111111112,V11,10.835266884456777
1.1111111111111112,V12,10.930720064647588
1.1818181818181817,V1,11.298987001047978
1.1818181818181817,V2,13.63691931768228
1.1818181818181817,V3,10.953530739467093
1.1818181818181817,V4,11.440463658355318
1.1818181818181817,V5,12.899260974636174
1.1818181818181817,V6,10.801481180909773
1.1818181818181817,V7,10.293447893343096
1.1818181818181817,V8,10.70727996563396
1.1818181818181817,V9,11.425822005453226
1.1818181818181817,V10,12.574447351105345
1.1818181818181817,V11,11.109989597377005
1.1818181818181817,V12,11.321249418327692
1.2525252525252526,V1,10.803663487563654
1.2525252525252526,V2,13.593876981247314
1.2525252525252526,V3,10.52869299757139
1.2525252525252526,V4,11.905974074174255
1.2525252525252526,V5,12.965616682237423
1.2525252525252526,V6,9.936955435305416
1.2525252525252526,V7,10.175118251717118
1.2525252525252526,V8,10.81657566435395
1.2525252525252526,V9,11.457344002908187
1.2525252525252526,V10,12.866786281405513
1.2525252525252526,V11,10.611898380749755
1.2525252525252526,V12,11.55942884369178
1.323232323232323,V1,11.199785604917476
1.323232323232323,V2,13.425306198574868
1.323232323232323,V3,10.776663682054194
1.323232323232323,V4,11.956600300017849
1.323232323232323,V5,13.097447751147277
1.323232323232323,V6,10.817101994572106
1.323232323232323,V7,10.529673997603116
1.323232323232323,V8,10.521382974434262
1.323232323232323,V9,11.854359735327245
1.323232323232323,V10,12.285267515034132
1.323232323232323,V11,11.080476189025836
1.323232323232323,V12,11.159167986586018
1.3939393939393936,V1,11.27203146711698
1.3939393939393936,V2,13.634063733140284
1.3939393939393936,V3,10.630127134907902
1.3939393939393936,V4,11.44843826028057
1.3939393939393936,V5,13.366671277411477
1.3939393939393936,V6,10.21604355774728
1.3939393939393936,V7,10.173207976310808
1.3939393939393936,V8,10.744197937796354
1.3939393939393936,V9,11.89479660061693
1.3939393939393936,V10,12.818730054033344
1.3939393939393936,V11,11.0012433693223
1.3939393939393936,V12,11.346422740658307
1.4646464646464645,V1,11.588944011830982
1.4646464646464645,V2,13.689994655573383
1.4646464646464645,V3,10.871760203371844
1.4646464646464645,V4,12.05659970928894
1.4646464646464645,V5,12.757783650548783
1.4646464646464645,V6,10.833175830049894
1.4646464646464645,V7,10.38719109057029
1.4646464646464645,V8,10.692087788939874
1.4646464646464645,V9,11.75944911052769
1.4646464646464645,V10,12.57745138950605
1.4646464646464645,V11,11.167844386555595
1.4646464646464645,V12,11.608359533337765
1.535353535353535,V1,10.86076231643381
1.535353535353535,V2,13.988098142527068
1.535353535353535,V3,10.948435282541459
1.535353535353535,V4,11.93313119803591
1.535353535353535,V5,13.490100533556316
1.535353535353535,V6,10.762700216047843
1.535353535353535,V7,10.753348742083647
1.535353535353535,V8,10.553280648794546
1.535353535353535,V9,11.869867019168487
1.535353535353535,V10,12.812296379170355
1.535353535353535,V11,11.220306453359123
1.535353535353535,V12,11.471366091933962
1.606060606060606,V1,11.383639210358597
1.606060606060606,V2,13.493668339259132
1.606060606060606,V3,11.201427823577431
1.606060606060606,V4,11.561593912836473
1.606060606060606,V5,13.088955310321396
1.606060606060606,V6,10.320965802934099
1.606060606060606,V7,10.804533393171482
1.606060606060606,V8,10.796786661678642
1.606060606060606,V9,11.703678755331566
1.606060606060606,V10,12.988097275461449
1.606060606060606,V11,11.732565235433983
1.606060606060606,V12,11.255741418458319
1.6767676767676765,V1,11.285522878287214
1.6767676767676765,V2,13.461609300925634
1.6767676767676765,V3,10.929920891960636
1.6767676767676765,V4,11.965082371409316
1.6767676767676765,V5,13.2414957678237
1.6767676767676765,V6,11.154985883279034
1.6767676767676765,V7,10.346334256571863
1.6767676767676765,V8,10.731632845158332
1.6767676767676765,V9,11.522574314372248
1.6767676767676765,V10,13.158379405810969
1.6767676767676765,V11,11.286996969115858
1.6767676767676765,V12,11.662151913821218
1.7474747474747474,V1,11.38246042319782
1.7474747474747474,V2,13.69637389943114
1.7474747474747474,V3,10.933151984142068
1.7474747474747474,V4,12.3873431764946
1.7474747474747474,V5,13.691213277039015
1.7474747474747474,V6,10.378000168970992
1.7474747474747474,V7,10.794992285918902
1.7474747474747474,V8,10.959379846539269
1.7474747474747474,V9,11.091886744572038
1.7474747474747474,V10,12.424384772887752
1.7474747474747474,V11,11.434911717886495
1.7474747474747474,V12,12.037611311426009
1.818181818181818,V1,11.71634134887402
1.818181818181818,V2,13.886584931783899
1.818181818181818,V3,10.73596938147069
1.818181818181818,V4,11.716902018674901
1.818181818181818,V5,13.602533614478684
1.818181818181818,V6,10.718175816329124
1.818181818181818,V7,10.19626170367011
1.818181818181818,V8,10.845321464217617
1.818181818181818,V9,11.604112883509691
1.818181818181818,V10,12.539162610165782
1.818181818181818,V11,10.961399945815472
1.818181818181818,V12,11.640881525547098
1.8888888888888888,V1,11.018923134114539
1.8888888888888888,V2,13.755050267509207
1.8888888888888888,V3,10.965954720021063
1.8888888888888888,V4,11.918478696486886
1.8888888888888888,V5,13.113831108774836
1.8888888888888888,V6,10.65156245028257
1.8888888888888888,V7,10.743722875322714
1.8888888888888888,V8,10.873376301972181
1.8888888888888888,V9,11.886042983124286
1.8888888888888888,V10,12.934732392239512
1.8888888888888888,V11,11.149236326887884
1.8888888888888888,V12,11.555728041339862
1.9595959595959593,V1,11.361904111095107
1.9595959595959593,V2,13.972907552510307
1.9595959595959593,V3,11.305069213337605
1.9595959595959593,V4,11.86045444513989
1.9595959595959593,V5,13.683997087668187
1.9595959595959593,V6,10.789595500379484
1.9595959595959593,V7,10.757955480725641
1.9595959595959593,V8,10.617734583452707
1.9595959595959593,V9,11.786855313072978
1.9595959595959593,V10,12.73723541164465
1.9595959595959593,V11,11.065877084199508
1.9595959595959593,V12,11.532289911907009
2.0303030303030303,V1,11.50500979410057
2.0303030303030303,V2,13.35064074571039
2.0303030303030303,V3,10.758799367965395
2.0303030303030303,V4,12.086296573520709
2.0303030303030303,V5,13.53990970980477
2.0303030303030303,V6,10.908344958137697
2.0303030303030303,V7,10.71048018322258
2.0303030303030303,V8,10.802858602199963
2.0303030303030303,V9,11.992665465029855
2.0303030303030303,V10,12.901566078873167
2.0303030303030303,V11,11.244694318991161
2.0303030303030303,V12,11.462448869178518
2.101010101010101,V1,11.580217707704225
2.101010101010101,V2,13.590271669268926
2.101010101010101,V3,10.954000273594547
2.101010101010101,V4,11.614494515846935
2.101010101010101,V5,13.609130990329607
2.101010101010101,V6,11.493067474001183
2.101010101010101,V7,10.735054491962643
2.101010101010101,V8,11.076837449276933
2.101010101010101,V9,11.56167544581237
2.101010101010101,V10,12.795297616976196
2.101010101010101,V11,11.4652519346444
2.101010101010101,V12,11.624436871142954
2.1717171717171713,V1,11.89574561569583
2.1717171717171713,V2,14.009818449916278
2.1717171717171713,V3,11.051721420548022
2.1717171717171713,V4,11.98038212909245
2.1717171717171713,V5,13.075412243129339
2.1717171717171713,V6,10.243260150270435
2.1717171717171713,V7,10.736246462172161
2.1717171717171713,V8,11.271156636156956
2.1717171717171713,V9,11.74285579515091
2.1717171717171713,V10,13.210514761802518
2.1717171717171713,V11,11.61369767347122
2.1717171717171713,V12,11.661850731199374
2.242424242424242,V1,11.433679704193437
2.242424242424242,V2,13.129987707413186
2.242424242424242,V3,10.835737743911185
2.242424242424242,V4,11.42644403930624
2.242424242424242,V5,13.262357550050224
2.242424242424242,V6,10.551006398549031
2.242424242424242,V7,10.342529211273938
2.242424242424242,V8,10.813830561020271
2.242424242424242,V9,12.0974586825059
2.242424242424242,V10,12.736908461666966
2.242424242424242,V11,10.848877352792803
2.242424242424242,V12,11.928352415313404
2.313131313131313,V1,11.688794027493032
2.313131313131313,V2,13.652455724539507
2.313131313131313,V3,11.111757435059205
2.313131313131313,V4,11.65894371067717
2.313131313131313,V5,13.50903147947716
2.313131313131313,V6,11.187799726642416
2.313131313131313,V7,10.71302797896708
2.313131313131313,V8,10.546481673578976
2.313131313131313,V9,12.085609514311107
2.313131313131313,V10,12.975352990640213
2.313131313131313,V11,11.330443442095492
2.313131313131313,V12,11.792345243949864
2.383838383838384,V1,11.599559773293372
2.383838383838384,V2,13.495690834530627
2.383838383838384,V3,11.202417006650261
2.383838383838384,V4,11.908481089812009
2.383838383838384,V5,12.948460548906105
2.383838383838384,V6,11.06041371490787
2.383838383838384,V7,10.704035522494998
2.383838383838384,V8,10.853763486120565
2.383838383838384,V9,11.240817636278248
2.383838383838384,V10,12.516864583409584
2.383838383838384,V11,11.52610527984743
2.383838383838384,V12,11.315750919635994
2.454545454545454,V1,11.890980786304521
2.454545454545454,V2,13.265011955412684
2.454545454545454,V3,10.802479676934913
2.454545454545454,V4,12.169236924518959
2.454545454545454,V5,13.363863588431393
2.454545454545454,V6,10.390299676426933
2.454545454545454,V7,10.314204113257393
2.454545454545454,V8,10.64005634805991
2.454545454545454,V9,11.564614538735759
2.454545454545454,V10,12.82661530760844
2.454545454545454,V11,11.418064518757877
2.454545454545454,V12,11.98485663439979
2.525252525252525,V1,11.980005712886577
2.525252525252525,V2,13.953026581122861
2.525252525252525,V3,11.411765488412447
2.525252525252525,V4,11.898012431298492
2.525252525252525,V5,13.2995165646697
2.525252525252525,V6,10.739587596321668
2.525252525252525,V7,10.473537885635375
2.525252525252525,V8,10.55131294473325
2.525252525252525,V9,11.801816966845156
2.525252525252525,V10,12.764634022711144
2.525252525252525,V11,11.066882114865184
2.525252525252525,V12,11.771917993951995
2.595959595959596,V1,11.339909559863006
2.595959595959596,V2,13.264642225597292
2.595959595959596,V3,11.676045254209646
2.595959595959596,V4,11.793637806298246
2.595959595959596,V5,13.963853271566418
2.595959595959596,V6,10.656003786913214
2.595959595959596,V7,10.476492438891754
2.595959595959596,V8,10.702341147827845
2.595959595959596,V9,12.074250650055417
2.595959595959596,V10,12.811201353258596
2.595959595959596,V11,10.94090762314617
2.595959595959596,V12,11.461092765179338
2.666666666666666,V1,11.700332805381105
2.666666666666666,V2,13.94153425071873
2.666666666666666,V3,11.058858372265243
2.666666666666666,V4,11.83916516716362
2.666666666666666,V5,13.27486920411313
2.666666666666666,V6,11.132490880298652
2.666666666666666,V7,10.4795179276108
2.666666666666666,V8,11.052247606781762
2.666666666666666,V9,11.772219694488331
2.666666666666666,V10,13.207286045986343
2.666666666666666,V11,10.885204258375628
2.666666666666666,V12,12.025694548762496
2.737373737373737,V1,11.715952734987852
2.737373737373737,V2,13.984934001927778
2.737373737373737,V3,11.15764984936966
2.737373737373737,V4,11.880488270531417
2.737373737373737,V5,13.685510391794816
2.737373737373737,V6,10.970163684352537
2.737373737373737,V7,10.93618921162166
2.737373737373737,V8,11.001194103086014
2.737373737373737,V9,11.55544862344541
2.737373737373737,V10,13.325040872399013
2.737373737373737,V11,11.046939102916994
2.737373737373737,V12,12.103652673150865
2.808080808080808,V1,11.487989590552555
2.808080808080808,V2,13.687516624683072
2.808080808080808,V3,10.541194525837083
2.808080808080808,V4,12.047480485134546
2.808080808080808,V5,13.752369838465713
2.808080808080808,V6,10.899659129495737
2.808080808080808,V7,10.160802791276462
2.808080808080808,V8,10.867826279322074
2.808080808080808,V9,11.992579010795012
2.808080808080808,V10,13.08798051612708
2.808080808080808,V11,11.292989523179763
2.808080808080808,V12,11.617039683535507
2.878787878787879,V1,11.687983738528352
2.878787878787879,V2,13.554636802342094
2.878787878787879,V3,11.1173125679201
2.878787878787879,V4,11.958058924479124
2.878787878787879,V5,13.552566271779334
2.878787878787879,V6,10.92122687804609
2.878787878787879,V7,10.518906912927028
2.878787878787879,V8,10.937700427594429
2.878787878787879,V9,11.513869729008684
2.878787878787879,V10,13.306053655363563
2.878787878787879,V11,11.381706926434754
2.878787878787879,V12,11.986588137587953
2.949494949494949,V1,12.129060060296863
2.949494949494949,V2,13.659239523112001
2.949494949494949,V3,10.951722612700477
2.949494949494949,V4,11.593157223047557
2.949494949494949,V5,13.49196986375907
2.949494949494949,V6,10.675049593818315
2.949494949494949,V7,10.517153709544374
2.949494949494949,V8,10.737218322283102
2.949494949494949,V9,11.829377421317874
2.949494949494949,V10,12.807520489524093
2.949494949494949,V11,11.085593721987623
2.949494949494949,V12,11.414879667562174
3.02020202020202,V1,11.182400550301804
3.02020202020202,V2,13.704906983746286
3.02020202020202,V3,11.138637185211024
3.02020202020202,V4,12.234060610944532
3.02020202020202,V5,13.94438866666537
3.02020202020202,V6,10.64961646048123
3.02020202020202,V7,10.426657371226945
3.02020202020202,V8,11.016912094087415
3.02020202020202,V9,11.827472077249462
3.02020202020202,V10,13.109890311029417
3.02020202020202,V11,10.986383796884706
3.02020202020202,V12,11.606443792997547
3.090909090909091,V1,11.759669143043062
3.090909090909091,V2,13.62401753127434
3.090909090909091,V3,10.792866014373194
3.090909090909091,V4,11.977091679166412
3.090909090909091,V5,13.652520961308197
3.090909090909091,V6,10.91386996901356
3.090909090909091,V7,9.94362332720809
3.090909090909091,V8,10.87338510697868
3.090909090909091,V9,11.70708699321875
3.090909090909091,V10,12.991670181385297
3.090909090909091,V11,10.964834077553348
3.090909090909091,V12,11.274462656636237
3.1616161616161618,V1,11.727409791069595
3.1616161616161618,V2,14.073651608576613
3.1616161616161618,V3,10.849807602712394
3.1616161616161618,V4,12.099810123951595
3.1616161616161618,V5,13.847895439087905
3.1616161616161618,V6,10.403247012257397
3.1616161616161618,V7,10.733796522430204
3.1616161616161618,V8,11.359990792371379
3.1616161616161618,V9,12.265201636864393
3.1616161616161618,V10,13.20639381193676
3.1616161616161618,V11,11.431374282948381
3.1616161616161618,V12,11.794196470049192
3.232323232323232,V1,11.291887165833838
3.232323232323232,V2,13.865089479654221
3.232323232323232,V3,11.030667951458698
3.232323232323232,V4,11.941297926316876
3.232323232323232,V5,13.187974092251247
3.232323232323232,V6,10.995119710741193
3.232323232323232,V7,10.78940929398401
3.232323232323232,V8,11.236331184363989
3.232323232323232,V9,11.768606622315385
3.232323232323232,V10,12.855525583616686
3.232323232323232,V11,11.611538035185182
3.232323232323232,V12,11.846444557923036
3.3030303030303028,V1,11.684226163072193
3.3030303030303028,V2,13.642939362950566
3.3030303030303028,V3,10.950132080048727
3.3030303030303028,V4,12.068758860422781
3.3030303030303028,V5,13.57044299215243
3.3030303030303028,V6,10.626322963551676
3.3030303030303028,V7,10.539955294328287
3.3030303030303028,V8,10.519444938424726
3.3030303030303028,V9,11.98705771333754
3.3030303030303028,V10,12.671498890533725
3.3030303030303028,V11,11.06721961679212
3.3030303030303028,V12,11.542535726893018
3.3737373737373737,V1,11.628347563372227
3.3737373737373737,V2,13.903299701765402
3.3737373737373737,V3,11.138588028795645
3.3737373737373737,V4,12.055243011652545
3.3737373737373737,V5,13.599117983147352
3.3737373737373737,V6,10.552839604814675
3.3737373737373737,V7,10.946822050720257
3.3737373737373737,V8,10.940652907771513
3.3737373737373737,V9,11.9529027328693
3.3737373737373737,V10,12.77858416368744
3.3737373737373737,V11,11.33114381883317
3.3737373737373737,V12,11.758348942126222
3.4444444444444446,V1,12.04126753355405
3.4444444444444446,V2,13.879354139785505
3.4444444444444446,V3,11.245603204120874
3.4444444444444446,V4,12.173116656328723
3.4444444444444446,V5,13.65086481651887
3.4444444444444446,V6,10.93143636870007
3.4444444444444446,V7,10.193025530730488
3.4444444444444446,V8,10.747167767573336
3.4444444444444446,V9,12.190808720773626
3.4444444444444446,V10,13.197742349377428
3.4444444444444446,V11,11.388258403744874
3.4444444444444446,V12,11.994788802797569
3.5151515151515147,V1,11.697014744943582
3.5151515151515147,V2,13.611278984359247
3.5151515151515147,V3,10.732767950250201
3.5151515151515147,V4,11.782551613093114
3.5151515151515147,V5,13.153480165440145
3.5151515151515147,V6,10.820972351557096
3.5151515151515147,V7,10.003809787709315
3.5151515151515147,V8,10.98488502908975
3.5151515151515147,V9,11.661881402766774
3.5151515151515147,V10,12.89169515094364
3.5151515151515147,V11,11.33834180394586
3.5151515151515147,V12,12.134277783803068
3.5858585858585856,V1,12.230468097595978
3.5858585858585856,V2,14.11744227889142
3.5858585858585856,V3,11.070111212482153
3.5858585858585856,V4,11.651183587019444
3.5858585858585856,V5,13.336566714678163
3.5858585858585856,V6,10.439069109752449
3.5858585858585856,V7,10.926398685968744
3.5858585858585856,V8,11.144708572174855
3.5858585858585856,V9,11.730521906975389
3.5858585858585856,V10,13.274489291995506
3.5858585858585856,V11,11.722917215565898
3.5858585858585856,V12,11.8171825413645
3.6565656565656566,V1,11.056340539065909
3.6565656565656566,V2,14.043213014160061
3.6565656565656566,V3,10.812367513086695
3.6565656565656566,V4,11.833969906088328
3.6565656565656566,V5,13.35485048380109
3.6565656565656566,V6,11.027981961723754
3.6565656565656566,V7,10.930604920422194
3.6565656565656566,V8,11.060687086321302
3.6565656565656566,V9,11.819913550793656
3.6565656565656566,V10,12.876253664626592
3.6565656565656566,V11,11.153283028412535
3.6565656565656566,V12,11.660394294983073
3.7272727272727266,V1,11.839297255632689
3.7272727272727266,V2,13.973185486398759
3.7272727272727266,V3,10.781634456958896
3.7272727272727266,V4,11.908336114800345
3.7272727272727266,V5,13.689543998088297
3.7272727272727266,V6,11.084448343677648
3.7272727272727266,V7,10.181505033658583
3.7272727272727266,V8,11.02611179406882
3.7272727272727266,V9,11.66324263932548
3.7272727272727266,V10,12.822135535803389
3.7272727272727266,V11,11.503411760401592
3.7272727272727266,V12,11.765830734555566
3.7979797979797976,V1,11.893275833978038
3.7979797979797976,V2,13.948216061310074
3.7979797979797976,V3,10.990543004962303
3.7979797979797976,V4,12.009521366184977
3.7979797979797976,V5,13.613458649922766
3.7979797979797976,V6,10.767920566977029
3.7979797979797976,V7,10.693608469446612
3.7979797979797976,V8,10.759019232264238
3.7979797979797976,V9,11.580615525105188
3.7979797979797976,V10,12.947722873273145
3.7979797979797976,V11,11.193067088294894
3.7979797979797976,V12,11.992806801051511
3.8686868686868685,V1,11.766385340028847
3.8686868686868685,V2,14.439987373660342
3.8686868686868685,V3,10.981247505713593
3.8686868686868685,V4,11.805599695555857
3.8686868686868685,V5,13.426479099151884
3.8686868686868685,V6,10.667813657128814
3.8686868686868685,V7,10.909771209751092
3.8686868686868685,V8,11.423595772790556
3.8686868686868685,V9,12.04216217353933
3.8686868686868685,V10,13.272980745028768
3.8686868686868685,V11,11.522070412248457
3.8686868686868685,V12,11.684533966676698
3.9393939393939394,V1,11.38354411146838
3.9393939393939394,V2,13.639914268666297
3.9393939393939394,V3,10.79026791945313
3.9393939393939394,V4,12.377462471939717
3.9393939393939394,V5,13.721632975221407
3.9393939393939394,V6,10.582517151579601
3.9393939393939394,V7,10.471172713981804
3.9393939393939394,V8,11.425310502674096
3.9393939393939394,V9,11.374559278202238
3.9393939393939394,V10,12.75993400051038
3.9393939393939394,V11,11.506679519797878
3.9393939393939394,V12,11.79519464464055
4.0101010101010095,V1,11.434803573432905
4.0101010101010095,V2,13.824405611923803
4.0101010101010095,V3,11.295699474671961
4.0101010101010095,V4,12.097045338916784
4.0101010101010095,V5,13.425110757693547
4.0101010101010095,V6,10.982319285388849
4.0101010101010095,V7,10.414845223582393
4.0101010101010095,V8,10.905874186314836
4.0101010101010095,V9,11.867304825544082
4.0101010101010095,V10,13.330130690003786
4.0101010101010095,V11,11.708607632637428
4.0101010101010095,V12,11.794191477994108
4.08080808080808,V1,11.868719681105127
4.08080808080808,V2,13.878010931747768
4.08080808080808,V3,11.10031865858193
4.08080808080808,V4,11.794692945834015
4.08080808080808,V5,13.365935229620359
4.08080808080808,V6,10.663630889138995
4.08080808080808,V7,10.478442473752995
4.08080808080808,V8,10.827171817085386
4.08080808080808,V9,11.758200720058063
4.08080808080808,V10,12.91086218354544
4.08080808080808,V11,11.331373769394352
4.08080808080808,V12,12.078292493088274
4.151515151515151,V1,11.33812632927386
4.151515151515151,V2,13.663057972671245
4.151515151515151,V3,10.990809138025725
4.151515151515151,V4,12.218180230021582
4.151515151515151,V5,14.008497924824763
4.151515151515151,V6,10.8946789551669
4.151515151515151,V7,10.784043422134197
4.151515151515151,V8,11.005241101692796
4.151515151515151,V9,11.580097263859397
4.151515151515151,V10,12.849287291125082
4.151515151515151,V11,11.245625109809975
4.151515151515151,V12,11.994445915967498
4.222222222222222,V1,11.175355494431948
4.222222222222222,V2,13.730572868255079
4.222222222222222,V3,10.812730978105524
4.222222222222222,V4,12.84962814717532
4.222222222222222,V5,13.655304864287022
4.222222222222222,V6,11.365819087241979
4.222222222222222,V7,10.502052717035307
4.222222222222222,V8,10.460474263075216
4.222222222222222,V9,11.596054025419683
4.222222222222222,V10,13.247096659066516
4.222222222222222,V11,11.368252815415916
4.222222222222222,V12,12.105348827200224
4.292929292929292,V1,11.042353977357998
4.292929292929292,V2,13.853413303668505
4.292929292929292,V3,11.090630702965093
4.292929292929292,V4,12.137897819761674
4.292929292929292,V5,13.97171147329877
4.292929292929292,V6,10.603672645396854
4.292929292929292,V7,10.923943480116833
4.292929292929292,V8,10.50880348230144
4.292929292929292,V9,11.63185790612333
4.292929292929292,V10,13.028943665926967
4.292929292929292,V11,11.007134039013817
4.292929292929292,V12,12.131690467203015
4.363636363636363,V1,11.782457996700822
4.363636363636363,V2,14.122070127013297
4.363636363636363,V3,10.84778092291753
4.363636363636363,V4,12.288719176880354
4.363636363636363,V5,13.286602439607531
4.363636363636363,V6,10.70745033629637
4.363636363636363,V7,11.019052940584045
4.363636363636363,V8,11.042393271157465
4.363636363636363,V9,11.168264932790981
4.363636363636363,V10,12.800667592387109
4.363636363636363,V11,11.776021025173637
4.363636363636363,V12,12.21512149131421
4.434343434343434,V1,11.188392634639046
4.434343434343434,V2,13.836723532137375
4.434343434343434,V3,11.117517613968635
4.434343434343434,V4,11.75324469465945
4.434343434343434,V5,13.55357713338417
4.434343434343434,V6,10.91606628768959
4.434343434343434,V7,10.787638733092521
4.434343434343434,V8,10.57301970248973
4.434343434343434,V9,11.285581520889542
4.434343434343434,V10,13.26703132640191
4.434343434343434,V11,11.690485040186477
4.434343434343434,V12,11.592004557051743
4.505050505050505,V1,11.926200409344467
4.505050505050505,V2,13.481315602921454
4.505050505050505,V3,10.798101311429543
4.505050505050505,V4,11.647208084517548
4.505050505050505,V5,13.541223620136927
4.505050505050505,V6,10.527534666024167
4.505050505050505,V7,10.877878148782157
4.505050505050505,V8,11.124077202077155
4.505050505050505,V9,11.849705696134304
4.505050505050505,V10,13.36996400435506
4.505050505050505,V11,11.191917723817467
4.505050505050505,V12,11.838875758709195
4.575757575757575,V1,11.769793787611052
4.575757575757575,V2,13.897315226958948
4.575757575757575,V3,11.163459690211539
4.575757575757575,V4,12.242986792608184
4.575757575757575,V5,13.031387869698317
4.575757575757575,V6,10.935559916334594
4.575757575757575,V7,10.605326525645618
4.575757575757575,V8,10.621736838355554
4.575757575757575,V9,11.436885760669712
4.575757575757575,V10,13.35504411732887
4.575757575757575,V11,11.37591450672406
4.575757575757575,V12,11.953685492889287
4.646464646464646,V1,11.781252627613139
4.646464646464646,V2,13.893106370153253
4.646464646464646,V3,10.87577574274462
4.646464646464646,V4,11.962287450939666
4.646464646464646,V5,13.825733476375762
4.646464646464646,V6,11.11276719773665
4.646464646464646,V7,10.71592077642237
4.646464646464646,V8,11.178314117972647
4.646464646464646,V9,11.474436012527843
4.646464646464646,V10,12.677966705699454
4.646464646464646,V11,11.177630956214982
4.646464646464646,V12,11.85201679808336
4.717171717171717,V1,11.518408420225231
4.717171717171717,V2,13.726349744355606
4.717171717171717,V3,11.4634871550725
4.717171717171717,V4,12.377954977914547
4.717171717171717,V5,13.556717349368027
4.717171717171717,V6,10.688523060092944
4.717171717171717,V7,10.810104274744239
4.717171717171717,V8,10.84769944843808
4.717171717171717,V9,11.46252794182341
4.717171717171717,V10,13.593505762257966
4.717171717171717,V11,11.178818885959998
4.717171717171717,V12,12.263307212046513
4.787878787878787,V1,11.519489913202275
4.787878787878787,V2,13.554966426961595
4.787878787878787,V3,11.00256228728035
4.787878787878787,V4,12.03958571705422
4.787878787878787,V5,13.23306822022774
4.787878787878787,V6,11.177844925192623
4.787878787878787,V7,10.441104805332449
4.787878787878787,V8,11.257435123614032
4.787878787878787,V9,11.581044191661205
4.787878787878787,V10,13.03801969062847
4.787878787878787,V11,11.486632183040232
4.787878787878787,V12,11.554010051063157
4.858585858585858,V1,11.79804978056683
4.858585858585858,V2,13.893180222088244
4.858585858585858,V3,11.184315059321932
4.858585858585858,V4,12.004316950852449
4.858585858585858,V5,14.057390753321124
4.858585858585858,V6,10.714724599080071
4.858585858585858,V7,10.719784453662403
4.858585858585858,V8,11.092625333258043
4.858585858585858,V9,11.83600855038311
4.858585858585858,V10,12.989605482190584
4.858585858585858,V11,10.98612148721265
4.858585858585858,V12,12.125066162972537
4.929292929292929,V1,11.47054088788533
4.929292929292929,V2,13.426428639113114
4.929292929292929,V3,11.078875445418
4.929292929292929,V4,12.220954802844059
4.929292929292929,V5,13.421784596228553
4.929292929292929,V6,11.074567274655491
4.929292929292929,V7,10.420903758257234
4.929292929292929,V8,11.232789094510865
4.929292929292929,V9,11.947654163933223
4.929292929292929,V10,13.153297488887887
4.929292929292929,V11,10.844503669571946
4.929292929292929,V12,11.84868652533881
5,V1,11.69221639351795
5,V2,13.617109093568404
5,V3,11.456754990020576
5,V4,12.112705512859714
5,V5,13.59230797030095
5,V6,10.95246482260801
5,V7,10.814237281537553
5,V8,11.28436499921197
5,V9,11.6007900780609
5,V10,13.385505446758327
5,V11,11.403738439442614
5,V12,11.976790118248788
